timestamp,date,time,unload_phase,demand_target_m3h,actual_output_m3h,unload_inflow_m3h,bog_pred_kgph,bog_to_recondenser_kgph,bog_to_compressor_kgph,compressor_capacity_kgph,lp_internal_flow_m3h,hp_internal_flow_m3h,hp_recirculation_m3h,lp_recirculation_m3h,orv_running,hp_running,lp_running,sw_running,line1_kw,line2_kw,line1_kvar,line2_kvar,line1_pf,line2_pf,line1_peak_kw,line2_peak_kw,step_energy_cost_cny,step_peak_increment_cny,cumulative_energy_cost_cny,cumulative_peak_cost_cny,electricity_price_cnykwh,line1_alarm,line2_alarm,event_note
2026-05-06 00:00:00,2026-05-06,00:00,待机,254.93333333333334,254.93333333333334,0.0,5954.353493360908,5954.353493360908,0.0,0.0,328.4438702884063,254.93333333333334,0.0,0.0,1,1,1,1,1567.3153422222222,1060.2842471791894,888.3861156374808,742.5277245079866,0.8699648595905665,0.8191125862106673,1567.3153422222222,1060.2842471791894,185.01585608872688,122840.28080451599,185.01585608872688,122840.28080451599,0.28165,0,0,ORV#1启动；海水泵P-01C启动；罐内泵0331-P-01B启动；高压外输泵0330-P-01A启动
2026-05-06 00:15:00,2026-05-06,00:15,待机,254.93333333333334,254.93333333333334,0.0,5952.019334540196,5952.019334540196,0.0,0.0,328.41505351284195,254.93333333333334,0.0,0.0,1,1,1,1,1567.3153422222222,1060.2793030694995,888.3861156374808,742.524870408302,0.8699648595905665,0.8191123653970332,1567.3153422222222,1060.2842471791894,185.01550796160333,0.0,370.03136405033024,122840.28080451599,0.28165,0,0,罐内泵0331-P-01B停运；罐内泵0331-P-02B启动
2026-05-06 00:30:00,2026-05-06,00:30,待机,254.93333333333334,254.93333333333334,0.0,5947.04563391491,5947.04563391491,0.0,0.0,328.35364980141867,254.93333333333334,0.0,0.0,1,1,1,1,1567.3153422222222,1060.268765231753,888.3861156374808,742.5187872019665,0.8699648595905665,0.8191118947496552,1567.3153422222222,1060.2842471791894,185.014765966103,0.0,555.0461300164333,122840.28080451599,0.28165,0,0,罐内泵0331-P-02B停运；罐内泵0331-P-03B启动
2026-05-06 00:45:00,2026-05-06,00:45,待机,254.93333333333334,254.93333333333334,0.0,5943.585876632156,5943.585876632156,0.0,0.0,328.31093674854515,254.93333333333334,0.0,0.0,1,1,1,1,1567.3153422222222,1060.261432779919,888.3861156374808,742.5145543774987,0.8699648595905665,0.8191115672576643,1567.3153422222222,1060.2842471791894,185.01424966983828,0.0,740.0603796862715,122840.28080451599,0.28165,0,0,罐内泵0331-P-03B停运；罐内泵0331-P-04B启动
2026-05-06 01:00:00,2026-05-06,01:00,待机,244.74666666666667,244.74666666666667,0.0,5936.541762775558,5936.541762775558,0.0,0.0,318.0373057132785,244.74666666666667,0.0,0.0,1,1,1,1,1531.6685283555555,1058.4447889439587,868.1807787453148,741.4658554358307,0.8699648595905665,0.8190302898492722,1567.3153422222222,1060.2842471791894,182.37635395435206,0.0,922.4367336406235,122840.28080451599,0.28165,0,0,
2026-05-06 01:15:00,2026-05-06,01:15,待机,244.74666666666667,244.74666666666667,0.0,5936.157953897779,5936.157953897779,0.0,0.0,318.0325673320714,244.74666666666667,0.0,0.0,1,1,1,1,1531.6685283555555,1058.4439267241214,868.1807787453148,741.4653576998337,0.8699648595905665,0.8190302512068803,1567.3153422222222,1060.2842471791894,182.37629324329774,0.0,1104.8130268839213,122840.28080451599,0.28165,0,0,罐内泵0331-P-04B停运；罐内泵0331-P-05B启动
2026-05-06 01:30:00,2026-05-06,01:30,待机,244.74666666666667,244.74666666666667,0.0,5937.300602206086,5937.3006022060845,1.8189894035458565e-12,0.0,318.0466741013097,244.74666666666667,0.0,0.0,1,1,1,1,1531.6685283555555,1058.4464935972026,868.1807787453148,741.4668394856578,0.8699648595905665,0.8190303662470954,1567.3153422222222,1060.2842471791894,182.3764739832486,0.0,1287.18950086717,122840.28080451599,0.28165,0,0,
2026-05-06 01:45:00,2026-05-06,01:45,待机,244.74666666666667,244.74666666666667,0.0,5939.9611114489835,5939.961111448983,9.094947017729282e-13,0.0,318.0795198944319,244.74666666666667,0.0,0.0,1,1,1,1,1531.6685283555555,1058.4524694590798,868.1807787453148,741.4702891877415,0.8699648595905665,0.8190306340666794,1567.3153422222222,1060.2842471791894,182.37689475862302,0.0,1469.566395625793,122840.28080451599,0.28165,0,0,罐内泵0331-P-05B停运；罐内泵0331-P-06B启动
2026-05-06 02:00:00,2026-05-06,02:00,待机,260.0266666666667,260.0266666666667,0.0,5951.739258727256,5951.739258727256,0.0,0.0,333.5049291200896,260.0266666666667,0.0,0.0,1,1,1,1,1585.2944014222223,1061.1396956863468,898.5770109443932,743.0215516007547,0.8699648595905665,0.8191507612052631,1585.2944014222223,1061.1396956863468,186.34204086265714,880.5132353096192,1655.90843648845,123720.7940398256,0.28165,0,0,
2026-05-06 02:15:00,2026-05-06,02:15,待机,260.0266666666667,260.0266666666667,0.0,5957.35244917917,5957.35244917917,0.0,0.0,333.5742277676441,260.0266666666667,0.0,0.0,1,1,1,1,1585.2944014222223,1061.1512311684319,898.5770109443932,743.0282107199585,0.8699648595905665,0.8191512755632444,1585.2944014222223,1061.1512311684319,186.34285310478944,0.5392837874754832,1842.2512895932393,123721.33332361309,0.28165,0,0,罐内泵0331-P-03D启动；罐内泵0331-P-06B停运
2026-05-06 02:30:00,2026-05-06,02:30,待机,260.0266666666667,260.0266666666667,0.0,5964.420008922368,5964.420008922366,1.8189894035458565e-12,0.0,333.6614815916342,260.0266666666667,0.0,0.0,1,1,1,1,1585.2944014222223,1061.1657486468548,898.5770109443932,743.0365912643208,0.8699648595905665,0.8191519228701626,1585.2944014222223,1061.1657486468548,186.3438753167389,0.6786921162720319,2028.5951649099782,123722.01201572936,0.28165,0,0,罐内泵0331-P-02C启动；罐内泵0331-P-03D停运
2026-05-06 02:45:00,2026-05-06,02:45,待机,260.0266666666667,260.0266666666667,0.0,5972.90823442227,5972.908234422268,1.8189894035458565e-12,0.0,333.7662744990404,260.0266666666667,0.0,0.0,1,1,1,1,1585.2944014222223,1061.1831742530358,898.5770109443932,743.0466505915252,0.8699648595905665,0.819152699821585,1585.2944014222223,1061.1831742530358,186.3451022972341,0.8146470889594184,2214.9402672072124,123722.82666281832,0.28165,0,0,罐内泵0331-P-01D启动；罐内泵0331-P-02C停运
2026-05-06 03:00:00,2026-05-06,03:00,待机,280.4266666666667,280.4266666666667,0.0,5992.490402178929,5992.490402178929,0.0,0.0,354.40802965653,280.4266666666667,0.0,0.0,1,1,1,1,1658.3448974222224,1064.4014890857532,939.9835132854072,744.9044959722302,0.8699648595905665,0.8192957573477595,1658.3448974222224,1064.4014890857532,191.71537993999283,3565.566906429541,2406.6556471472054,127288.39356924786,0.28165,0,0,罐内泵0331-P-01D停运；罐内泵0331-P-05C启动
2026-05-06 03:15:00,2026-05-06,03:15,待机,280.4266666666667,280.4266666666667,0.0,6003.653793685505,6003.653793685504,9.094947017729282e-13,0.0,354.5458493047593,280.4266666666667,0.0,0.0,1,1,1,1,1658.3448974222224,1064.421545022763,939.9835132854072,744.916073717686,0.8699648595905665,0.8192966461400376,1658.3448974222224,1064.421545022763,191.71679212865754,0.9376150552095055,2598.372439275863,127289.33118430307,0.28165,0,0,罐内泵0331-P-05C停运；罐内泵0331-P-06C启动
2026-05-06 03:30:00,2026-05-06,03:30,待机,280.4266666666667,280.4266666666667,0.0,6016.101806112095,6016.101806112094,9.094947017729282e-13,0.0,354.6995284705197,280.4266666666667,0.0,0.0,1,1,1,1,1658.3448974222224,1064.4438864866554,939.9835132854072,744.9289708354784,0.8699648595905665,0.8192976361774873,1658.3448974222224,1064.4438864866554,191.7183652469839,1.0444634369704886,2790.090804522847,127290.37564774003,0.28165,0,0,罐内泵0331-P-03B启动；罐内泵0331-P-06C停运
2026-05-06 03:45:00,2026-05-06,03:45,待机,280.4266666666667,280.4266666666667,0.0,6029.777867984501,6029.777867984499,2.7284841053187847e-12,0.0,354.8683687405494,280.4266666666667,0.0,0.0,1,1,1,1,1658.3448974222224,1064.4684048039853,939.9835132854072,744.9431245913916,0.8699648595905665,0.8192987226319203,1658.3448974222224,1064.4684048039853,191.72009164300286,1.146231335173809,2981.81089616585,127291.52187907521,0.28165,0,0,罐内泵0331-P-02B启动；罐内泵0331-P-03B停运
2026-05-06 04:00:00,2026-05-06,04:00,待机,305.92,305.92,0.0,6056.0224178174585,6056.0224178174585,0.0,0.0,380.68570886194397,305.92,0.0,0.0,1,1,1,1,1751.9740928,1067.8820499651115,993.054439697696,746.9137288434963,0.8699648595905665,0.8194495002928309,1751.9740928,1067.8820499651115,198.55312065244843,4536.752795193756,3180.3640168182983,131828.27467426896,0.28165,0,0,罐内泵0331-P-01B启动；罐内泵0331-P-02B停运
2026-05-06 04:15:00,2026-05-06,04:15,待机,305.92,305.92,0.0,6071.912081675854,6071.912081675854,0.0,0.0,380.88187755155377,305.92,0.0,0.0,1,1,1,1,1751.9740928,1067.9054364521785,993.054439697696,746.9272292246667,0.8699648595905665,0.819450529924401,1751.9740928,1067.9054364521785,198.55476735346903,1.0933182703822695,3378.918784171767,131829.36799253934,0.28165,0,0,罐内泵0331-P-01B停运；罐内泵0331-P-05C启动
2026-05-06 04:30:00,2026-05-06,04:30,待机,305.92,305.92,0.0,6088.830031481352,6088.830031481352,0.0,0.0,381.0907411293994,305.92,0.0,0.0,1,1,1,1,1751.9740928,1067.9302940774223,993.054439697696,746.9415788537847,0.8699648595905665,0.819451624275936,1751.9740928,1067.9302940774223,198.5565176410065,1.162093980149507,3577.4753018127735,131830.5300865195,0.28165,0,0,罐内泵0331-P-05C停运；罐内泵0331-P-06C启动
2026-05-06 04:45:00,2026-05-06,04:45,待机,305.92,305.92,0.0,6106.700545788812,6106.70054578881,1.8189894035458565e-12,0.0,381.31136476282484,305.92,0.0,0.0,1,1,1,1,1751.9740928,1067.9565039327683,993.054439697696,746.9567090884617,0.8699648595905665,0.8194527781038603,1751.9740928,1067.9565039327683,198.55836314244604,1.2253107374253318,3776.0336649552196,131831.7553972569,0.28165,0,0,罐内泵0331-P-03D启动；罐内泵0331-P-06C停运
2026-05-06 05:00:00,2026-05-06,05:00,待机,382.40000000000003,382.40000000000003,0.0,6290.929231611469,6290.929231611468,9.094947017729282e-13,0.0,460.06579298285766,382.40000000000003,0.0,0.0,1,1,2,1,2048.4595200000003,1177.1177630231923,1161.1083915207375,809.9725268361157,0.8699648595905665,0.8238118222702343,2048.4595200000003,1177.1177630231923,227.12096044087056,18963.982584077334,4003.15462539609,150795.73798133424,0.28165,0,0,罐内泵0331-P-02B启动；罐内泵0331-P-02C启动；罐内泵0331-P-03D停运
2026-05-06 05:15:00,2026-05-06,05:15,待机,382.40000000000003,382.40000000000003,0.0,6310.799143340094,6310.799143340092,1.8189894035458565e-12,0.0,460.3111005350629,382.40000000000003,0.0,0.0,1,1,2,1,2048.4595200000003,1177.1839729485812,1161.1083915207375,810.0107480203174,0.8699648595905665,0.8238142202881584,2048.4595200000003,1177.1839729485812,227.125622447242,3.095314011929929,4230.280247843332,150798.83329534618,0.28165,0,0,罐内泵0331-P-01B启动；罐内泵0331-P-01D启动；罐内泵0331-P-02B停运；罐内泵0331-P-02C停运
2026-05-06 05:30:00,2026-05-06,05:30,待机,382.40000000000003,382.40000000000003,0.0,6331.388726674328,6331.388726674328,0.0,0.0,460.5652929219053,382.40000000000003,0.0,0.0,1,1,2,1,2048.4595200000003,1177.2525491998927,1161.1083915207375,810.050335219938,0.8699648595905665,0.8238167037254427,2048.4595200000003,1177.2525491998927,227.13045107253748,3.205939748811204,4457.41069891587,150802.039235095,0.28165,0,0,罐内泵0331-P-01B停运；罐内泵0331-P-01D停运；罐内泵0331-P-05B启动；罐内泵0331-P-05C启动
2026-05-06 05:45:00,2026-05-06,05:45,待机,382.40000000000003,382.40000000000003,0.0,6352.605862555796,6352.605862555796,0.0,0.0,460.82723287105927,382.40000000000003,0.0,0.0,1,1,2,1,2048.4595200000003,1177.3231817966303,1161.1083915207375,810.0911094916911,0.8699648595905665,0.823819261328399,2048.4595200000003,1177.3231817966303,227.13542449025525,3.3020738974826145,4684.546123406125,150805.34130899247,0.28165,0,0,罐内泵0331-P-05B停运；罐内泵0331-P-05C停运；罐内泵0331-P-06B启动；罐内泵0331-P-06C启动
2026-05-06 06:00:00,2026-05-06,06:00,待机,611.84,611.84,0.0,6507.0562854262325,6507.0562854262325,0.0,0.0,700.7872000000001,611.84,0.0,0.0,2,2,2,1,2079.59201787904,2651.9740928,1182.1793328115054,1643.0544396976961,0.8693500679156998,0.8500705348563201,2079.59201787904,2651.9740928,333.16139876818795,70395.37436525266,5017.7075221743125,221200.71567424515,0.28165,0,0,ORV#2启动；罐内泵0331-P-04A启动；罐内泵0331-P-04C启动；罐内泵0331-P-06B停运；罐内泵0331-P-06C停运；高压外输泵0330-P-01B启动
2026-05-06 06:15:00,2026-05-06,06:15,待机,611.84,611.84,0.0,6528.828352924005,6528.828352924005,0.0,0.0,700.7872000000001,611.84,0.0,0.0,2,2,2,1,2079.59201787904,2651.9740928,1182.1793328115054,1643.0544396976961,0.8693500679156998,0.8500705348563201,2079.59201787904,2651.9740928,333.16139876818795,0.0,5350.8689209425,221200.71567424515,0.28165,0,0,
2026-05-06 06:30:00,2026-05-06,06:30,待机,611.84,611.84,0.0,6550.935634304774,6550.935634304774,0.0,0.0,700.7872000000001,611.84,0.0,0.0,2,2,2,1,1915.7830553395202,2815.78305533952,1087.6168862546008,1737.6168862546008,0.8696312393816642,0.8510064559597118,2079.59201787904,2815.78305533952,333.16139876818795,7658.068998722562,5684.030319710688,228858.7846729677,0.28165,0,0,罐内泵0331-P-03A启动；罐内泵0331-P-03B启动；罐内泵0331-P-04A停运；罐内泵0331-P-04C停运
2026-05-06 06:45:00,2026-05-06,06:45,待机,611.84,611.84,0.0,6573.276999777353,6573.276999777353,0.0,0.0,700.7872000000001,611.84,0.0,0.0,2,2,2,1,1915.7830553395202,2815.78305533952,1087.6168862546008,1737.6168862546008,0.8696312393816642,0.8510064559597118,2079.59201787904,2815.78305533952,333.16139876818795,0.0,6017.191718478875,228858.7846729677,0.28165,0,0,罐内泵0331-P-02A启动；罐内泵0331-P-02C启动；罐内泵0331-P-03A停运；罐内泵0331-P-03B停运
2026-05-06 07:00:00,2026-05-06,07:00,待机,917.76,917.76,0.0,6907.297376828518,6907.297376828518,0.0,0.0,1031.1808,917.76,0.0,0.0,3,2,3,1,2170.0,3558.3680929518932,1230.0,2161.9215809313205,0.8699648595905665,0.85462938260014,2170.0,3558.3680929518932,403.3487183449752,38942.42367253331,6420.5404368238505,267801.20834550104,0.28165,0,0,ORV#3启动；罐内泵0331-P-01B启动；罐内泵0331-P-01D启动；罐内泵0331-P-02A停运；罐内泵0331-P-02C停运；罐内泵0331-P-05B启动
2026-05-06 07:15:00,2026-05-06,07:15,待机,917.76,917.76,0.0,6929.788370943762,6929.788370943762,0.0,0.0,1031.1808,917.76,0.0,0.0,3,2,3,1,2170.0,3558.3680929518932,1230.0,2161.9215809313205,0.8699648595905665,0.85462938260014,2170.0,3558.3680929518932,403.3487183449752,0.0,6823.889155168826,267801.20834550104,0.28165,0,0,罐内泵0331-P-01B停运；罐内泵0331-P-01D停运；罐内泵0331-P-04B启动；罐内泵0331-P-05C启动
2026-05-06 07:30:00,2026-05-06,07:30,待机,917.76,917.76,0.0,6952.198709626739,6952.198709626739,0.0,0.0,1031.1808,917.76,0.0,0.0,3,2,3,1,2170.0,3558.3680929518932,1230.0,2161.9215809313205,0.8699648595905665,0.85462938260014,2170.0,3558.3680929518932,403.3487183449752,0.0,7227.237873513801,267801.20834550104,0.28165,0,0,罐内泵0331-P-03D启动；罐内泵0331-P-04B停运；罐内泵0331-P-05B停运；罐内泵0331-P-05C停运；罐内泵0331-P-06B启动；罐内泵0331-P-06C启动
2026-05-06 07:45:00,2026-05-06,07:45,待机,917.76,917.76,0.0,6974.422457048095,6974.422457048095,0.0,0.0,1031.1808,917.76,0.0,0.0,3,2,3,1,2170.0,3558.3680929518932,1230.0,2161.9215809313205,0.8699648595905665,0.85462938260014,2170.0,3558.3680929518932,403.3487183449752,0.0,7630.586591858776,267801.20834550104,0.28165,0,0,罐内泵0331-P-02B启动；罐内泵0331-P-03D停运
2026-05-06 08:00:00,2026-05-06,08:00,待机,1019.7333333333333,1019.7333333333333,0.0,7048.34378781688,7048.34378781688,0.0,0.0,1141.3120000000001,1019.7333333333333,0.0,0.0,3,3,3,1,2384.4140578006914,4661.713809382716,1356.7976418828712,2782.215661539512,0.8691406018888717,0.8586943315765788,2384.4140578006914,4661.713809382716,866.6737276635591,61605.26944532329,8497.260319522335,329406.4777908243,0.492,0,0,罐内泵0331-P-02B停运；罐内泵0331-P-04A启动；罐内泵0331-P-04C启动；罐内泵0331-P-04D启动；罐内泵0331-P-06B停运；罐内泵0331-P-06C停运；高压外输泵0330-P-01D启动
2026-05-06 08:15:00,2026-05-06,08:15,待机,1019.7333333333333,1019.7333333333333,0.0,7069.682264664324,7069.682264664324,0.0,0.0,1141.3120000000001,1019.7333333333333,0.0,0.0,3,3,3,1,2216.5616734309137,4829.566193752494,1259.9010381784994,2879.1122652438835,0.8693738294558612,0.8589510573002826,2384.4140578006914,4829.566193752494,866.6737276635591,7847.0989692871035,9363.934047185894,337253.57676011143,0.492,0,0,罐内泵0331-P-01A启动；罐内泵0331-P-01C启动；罐内泵0331-P-01D启动；罐内泵0331-P-04A停运；罐内泵0331-P-04C停运；罐内泵0331-P-04D停运
2026-05-06 08:30:00,2026-05-06,08:30,待机,1019.7333333333333,1019.7333333333333,0.0,7090.519769408699,7090.519769408699,0.0,0.0,1141.3120000000001,1019.7333333333333,0.0,0.0,3,3,3,1,2216.5616734309137,4829.566193752494,1259.9010381784994,2879.1122652438835,0.8693738294558612,0.8589510573002826,2384.4140578006914,4829.566193752494,866.6737276635591,0.0,10230.607774849454,337253.57676011143,0.492,0,0,罐内泵0331-P-01A停运；罐内泵0331-P-01C停运；罐内泵0331-P-01D停运；罐内泵0331-P-03A启动；罐内泵0331-P-03B启动；罐内泵0331-P-03C启动
2026-05-06 08:45:00,2026-05-06,08:45,待机,1019.7333333333333,1019.7333333333333,0.0,7110.75585855715,7110.75585855715,0.0,0.0,1141.3120000000001,1019.7333333333333,0.0,0.0,3,3,3,1,2216.5616734309137,4829.566193752494,1259.9010381784994,2879.1122652438835,0.8693738294558612,0.8589510573002826,2384.4140578006914,4829.566193752494,866.6737276635591,0.0,11097.281502513013,337253.57676011143,0.492,0,0,罐内泵0331-P-02A启动；罐内泵0331-P-02C启动；罐内泵0331-P-02D启动；罐内泵0331-P-03A停运；罐内泵0331-P-03B停运；罐内泵0331-P-03C停运
2026-05-06 09:00:00,2026-05-06,09:00,待机,866.7733333333334,866.7733333333334,0.0,7049.864528641153,7049.864528641153,0.0,0.0,976.1152000000002,866.7733333333334,0.0,0.0,3,2,3,1,2329.752484240498,3389.5049684809956,1322.2207522661056,2064.441504532211,0.8696973245956409,0.8540570064051103,2384.4140578006914,4829.566193752494,703.4686666847437,0.0,11800.750169197756,337253.57676011143,0.492,0,0,罐内泵0331-P-02A停运；罐内泵0331-P-02C停运；罐内泵0331-P-02D停运；罐内泵0331-P-05A启动；罐内泵0331-P-05B启动；罐内泵0331-P-05C启动；高压外输泵0330-P-01B停运
2026-05-06 09:15:00,2026-05-06,09:15,待机,866.7733333333334,866.7733333333334,0.0,7068.912240439692,7068.912240439692,0.0,0.0,976.1152000000002,866.7733333333334,0.0,0.0,3,2,3,1,2329.752484240498,3389.5049684809956,1322.2207522661056,2064.441504532211,0.8696973245956409,0.8540570064051103,2384.4140578006914,4829.566193752494,703.4686666847437,0.0,12504.218835882499,337253.57676011143,0.492,0,0,
2026-05-06 09:30:00,2026-05-06,09:30,待机,866.7733333333334,866.7733333333334,0.0,7087.080388731935,7087.080388731935,0.0,0.0,976.1152000000002,866.7733333333334,0.0,0.0,3,2,3,1,2329.752484240498,3389.5049684809956,1322.2207522661056,2064.441504532211,0.8696973245956409,0.8540570064051103,2384.4140578006914,4829.566193752494,703.4686666847437,0.0,13207.687502567242,337253.57676011143,0.492,0,0,罐内泵0331-P-01A启动；罐内泵0331-P-01B启动；罐内泵0331-P-01D启动；罐内泵0331-P-05A停运；罐内泵0331-P-05B停运；罐内泵0331-P-05C停运
2026-05-06 09:45:00,2026-05-06,09:45,待机,866.7733333333334,866.7733333333334,0.0,7104.2814998350905,7104.2814998350905,0.0,0.0,976.1152000000002,866.7733333333334,0.0,0.0,3,2,3,1,2329.752484240498,3389.5049684809956,1322.2207522661056,2064.441504532211,0.8696973245956409,0.8540570064051103,2384.4140578006914,4829.566193752494,703.4686666847437,0.0,13911.156169251984,337253.57676011143,0.492,0,0,罐内泵0331-P-01A停运；罐内泵0331-P-01B停运；罐内泵0331-P-01D停运；罐内泵0331-P-03B启动；罐内泵0331-P-03C启动；罐内泵0331-P-03D启动
2026-05-06 10:00:00,2026-05-06,10:00,待机,662.8266666666667,662.8266666666667,0.0,6854.459181045338,6854.459181045338,0.0,0.0,755.8528000000001,662.8266666666667,0.0,0.0,2,2,2,1,2015.7519464470756,2915.7519464470756,1144.3203734999065,1794.3203734999065,0.8696405474200098,0.8516568195654017,2384.4140578006914,4829.566193752494,606.5749788259806,0.0,14517.731148077964,337253.57676011143,0.492,0,0,ORV#1停运；罐内泵0331-P-03B停运；罐内泵0331-P-03C停运；罐内泵0331-P-03D停运；罐内泵0331-P-04B启动；罐内泵0331-P-04D启动
2026-05-06 10:15:00,2026-05-06,10:15,待机,662.8266666666667,662.8266666666667,0.0,6869.535658410086,6869.535658410086,0.0,0.0,755.8528000000001,662.8266666666667,0.0,0.0,2,2,2,1,2015.7519464470756,2915.7519464470756,1144.3203734999065,1794.3203734999065,0.8696405474200098,0.8516568195654017,2384.4140578006914,4829.566193752494,606.5749788259806,0.0,15124.306126903944,337253.57676011143,0.492,0,0,
2026-05-06 10:30:00,2026-05-06,10:30,待机,662.8266666666667,662.8266666666667,0.0,6883.444558419457,6883.444558419457,0.0,0.0,755.8528000000001,662.8266666666667,0.0,0.0,2,2,2,1,2015.7519464470756,2915.7519464470756,1144.3203734999065,1794.3203734999065,0.8696405474200098,0.8516568195654017,2384.4140578006914,4829.566193752494,606.5749788259806,0.0,15730.881105729924,337253.57676011143,0.492,0,0,罐内泵0331-P-04B停运；罐内泵0331-P-04D停运；罐内泵0331-P-06A启动；罐内泵0331-P-06B启动
2026-05-06 10:45:00,2026-05-06,10:45,待机,662.8266666666667,662.8266666666667,0.0,6896.118720827897,6896.118720827897,0.0,0.0,755.8528000000001,662.8266666666667,0.0,0.0,2,2,2,1,2015.7519464470756,2915.7519464470756,1144.3203734999065,1794.3203734999065,0.8696405474200098,0.8516568195654017,2384.4140578006914,4829.566193752494,606.5749788259806,0.0,16337.456084555904,337253.57676011143,0.492,0,0,
2026-05-06 11:00:00,2026-05-06,11:00,引航靠泊,637.3333333333333,637.3333333333333,0.0,6895.020951679192,6895.020951679192,0.0,0.0,728.3199999999999,637.3333333333333,0.0,0.0,2,2,2,1,1965.5373027555552,2865.537302755555,1115.8391393468396,1765.8391393468396,0.8696357850930656,0.8513357082541428,2384.4140578006914,4829.566193752494,594.2221764778666,0.0,16931.678261033772,337253.57676011143,0.492,0,0,卸船阶段=引航靠泊
2026-05-06 11:15:00,2026-05-06,11:15,引航靠泊,637.3333333333333,637.3333333333333,0.0,6905.104457036037,6905.104457036037,0.0,0.0,728.3199999999999,637.3333333333333,0.0,0.0,2,2,2,1,1965.5373027555552,2865.537302755555,1115.8391393468396,1765.8391393468396,0.8696357850930656,0.8513357082541428,2384.4140578006914,4829.566193752494,594.2221764778666,0.0,17525.90043751164,337253.57676011143,0.492,0,0,罐内泵0331-P-02B启动；罐内泵0331-P-02D启动；罐内泵0331-P-06A停运；罐内泵0331-P-06B停运
2026-05-06 11:30:00,2026-05-06,11:30,引航靠泊,637.3333333333333,637.3333333333333,0.0,6913.7858100610765,6913.7858100610765,0.0,0.0,728.3199999999999,637.3333333333333,0.0,0.0,2,2,2,1,1965.5373027555552,2865.537302755555,1115.8391393468396,1765.8391393468396,0.8696357850930656,0.8513357082541428,2384.4140578006914,4829.566193752494,594.2221764778666,0.0,18120.122613989504,337253.57676011143,0.492,0,0,
2026-05-06 11:45:00,2026-05-06,11:45,引航靠泊,637.3333333333333,637.3333333333333,0.0,6921.02058838409,6921.02058838409,0.0,0.0,728.3199999999999,637.3333333333333,0.0,0.0,2,2,2,1,1965.5373027555552,2865.537302755555,1115.8391393468396,1765.8391393468396,0.8696357850930656,0.8513357082541428,2384.4140578006914,4829.566193752494,594.2221764778666,0.0,18714.34479046737,337253.57676011143,0.492,0,0,罐内泵0331-P-01B启动；罐内泵0331-P-01C启动；罐内泵0331-P-02B停运；罐内泵0331-P-02D停运
2026-05-06 12:00:00,2026-05-06,12:00,引航靠泊,688.3199999999999,688.3199999999999,0.0,6951.231850985372,6951.231850985372,0.0,0.0,783.3856,688.3199999999999,0.0,0.0,2,2,2,1,2066.4269864140797,2966.4269864140797,1173.0605887138004,1823.0605887138004,0.8696455073822557,0.8519700546668416,2384.4140578006914,4829.566193752494,619.0410386578636,0.0,19333.385829125233,337253.57676011143,0.492,0,0,罐内泵0331-P-01B停运；罐内泵0331-P-01C停运；罐内泵0331-P-06C启动；罐内泵0331-P-06D启动
2026-05-06 12:15:00,2026-05-06,12:15,引航靠泊,688.3199999999999,688.3199999999999,0.0,6955.337918509763,6955.337918509763,0.0,0.0,783.3856,688.3199999999999,0.0,0.0,2,2,2,1,2066.4269864140797,2966.4269864140797,1173.0605887138004,1823.0605887138004,0.8696455073822557,0.8519700546668416,2384.4140578006914,4829.566193752494,619.0410386578636,0.0,19952.426867783095,337253.57676011143,0.492,0,0,罐内泵0331-P-05C启动；罐内泵0331-P-05D启动；罐内泵0331-P-06C停运；罐内泵0331-P-06D停运
2026-05-06 12:30:00,2026-05-06,12:30,系统建立,688.3199999999999,688.3199999999999,0.0,6957.899949759316,6957.899949759316,0.0,0.0,783.3856,688.3199999999999,0.0,0.0,2,2,2,1,2066.4269864140797,2966.4269864140797,1173.0605887138004,1823.0605887138004,0.8696455073822557,0.8519700546668416,2384.4140578006914,4829.566193752494,619.0410386578636,0.0,20571.467906440957,337253.57676011143,0.492,0,0,卸船阶段=系统建立；罐内泵0331-P-03A启动；罐内泵0331-P-03D启动；罐内泵0331-P-05C停运；罐内泵0331-P-05D停运
2026-05-06 12:45:00,2026-05-06,12:45,系统建立,688.3199999999999,688.3199999999999,0.0,6958.899472528418,6958.899472528418,0.0,0.0,783.3856,688.3199999999999,0.0,0.0,2,2,2,1,2066.4269864140797,2966.4269864140797,1173.0605887138004,1823.0605887138004,0.8696455073822557,0.8519700546668416,2384.4140578006914,4829.566193752494,619.0410386578636,0.0,21190.50894509882,337253.57676011143,0.492,0,0,罐内泵0331-P-01A启动；罐内泵0331-P-01D启动；罐内泵0331-P-03A停运；罐内泵0331-P-03D停运
2026-05-06 13:00:00,2026-05-06,13:00,系统建立,652.6133333333333,652.6133333333333,0.0,6941.413364514476,6941.413364514476,0.0,0.0,744.8224,652.6133333333333,0.0,0.0,2,2,2,1,1995.5792971461688,2895.5792971461688,1132.878910656785,1782.878910656785,0.8696386147442067,0.8515291337455203,2384.4140578006914,4829.566193752494,601.6125070979575,0.0,21792.121452196778,337253.57676011143,0.492,0,0,罐内泵0331-P-01A停运；罐内泵0331-P-01D停运；罐内泵0331-P-02A启动；罐内泵0331-P-02C启动
2026-05-06 13:15:00,2026-05-06,13:15,系统建立,652.6133333333333,652.6133333333333,0.0,6939.355172851312,6939.355172851312,0.0,0.0,744.8224,652.6133333333333,0.0,0.0,2,2,2,1,1995.5792971461688,2895.5792971461688,1132.878910656785,1782.878910656785,0.8696386147442067,0.8515291337455203,2384.4140578006914,4829.566193752494,601.6125070979575,0.0,22393.733959294736,337253.57676011143,0.492,0,0,罐内泵0331-P-02A停运；罐内泵0331-P-02C停运；罐内泵0331-P-03B启动；罐内泵0331-P-03C启动
2026-05-06 13:30:00,2026-05-06,13:30,系统建立,652.6133333333333,652.6133333333333,0.0,6935.721352385106,6935.721352385106,0.0,0.0,744.8224,652.6133333333333,0.0,0.0,2,2,2,1,1995.5792971461688,2895.5792971461688,1132.878910656785,1782.878910656785,0.8696386147442067,0.8515291337455203,2384.4140578006914,4829.566193752494,601.6125070979575,0.0,22995.346466392693,337253.57676011143,0.492,0,0,罐内泵0331-P-03B停运；罐内泵0331-P-03C停运；罐内泵0331-P-06C启动；罐内泵0331-P-06D启动
2026-05-06 13:45:00,2026-05-06,13:45,系统建立,652.6133333333333,652.6133333333333,0.0,6930.520667953359,6930.520667953359,0.0,0.0,744.8224,652.6133333333333,0.0,0.0,2,2,2,1,1995.5792971461688,2895.5792971461688,1132.878910656785,1782.878910656785,0.8696386147442067,0.8515291337455203,2384.4140578006914,4829.566193752494,601.6125070979575,0.0,23596.95897349065,337253.57676011143,0.492,0,0,罐内泵0331-P-04A启动；罐内泵0331-P-04B启动；罐内泵0331-P-06C停运；罐内泵0331-P-06D停运
2026-05-06 14:00:00,2026-05-06,14:00,系统建立,622.0266666666666,622.0266666666666,0.0,6908.461075843711,6908.461075843711,0.0,0.0,711.7888,622.0266666666666,0.0,0.0,2,2,2,1,1935.6087083798755,2835.6087083798757,1098.862912148797,1748.862912148797,0.8696330284956181,0.8511390130876343,2384.4140578006914,4829.566193752494,586.8597422614494,0.0,24183.818715752102,337253.57676011143,0.492,0,0,
2026-05-06 14:15:00,2026-05-06,14:15,系统建立,622.0266666666666,622.0266666666666,0.0,6900.2674888006295,6900.2674888006295,0.0,0.0,711.7888,622.0266666666666,0.0,0.0,2,2,2,1,1935.6087083798755,2835.6087083798757,1098.862912148797,1748.862912148797,0.8696330284956181,0.8511390130876343,2384.4140578006914,4829.566193752494,586.8597422614494,0.0,24770.67845801355,337253.57676011143,0.492,0,0,罐内泵0331-P-04A停运；罐内泵0331-P-04B停运；罐内泵0331-P-05B启动；罐内泵0331-P-05D启动
2026-05-06 14:30:00,2026-05-06,14:30,待机,622.0266666666666,622.0266666666666,0.0,6890.575104679712,6890.575104679712,0.0,0.0,711.7888,622.0266666666666,0.0,0.0,2,2,2,1,1935.6087083798755,2835.6087083798757,1098.862912148797,1748.862912148797,0.8696330284956181,0.8511390130876343,2384.4140578006914,4829.566193752494,586.8597422614494,0.0,25357.538200274998,337253.57676011143,0.492,0,0,卸船阶段=待机
2026-05-06 14:45:00,2026-05-06,14:45,待机,622.0266666666666,622.0266666666666,0.0,6879.41929488509,6879.41929488509,0.0,0.0,711.7888,622.0266666666666,0.0,0.0,2,2,2,1,1935.6087083798755,2835.6087083798757,1098.862912148797,1748.862912148797,0.8696330284956181,0.8511390130876343,2384.4140578006914,4829.566193752494,586.8597422614494,0.0,25944.397942536445,337253.57676011143,0.492,0,0,罐内泵0331-P-01B启动；罐内泵0331-P-01C启动；罐内泵0331-P-05B停运；罐内泵0331-P-05D停运
2026-05-06 15:00:00,2026-05-06,15:00,CIQ与MSA联检,601.6266666666667,601.6266666666667,0.0,6856.233068293347,6856.233068293347,0.0,0.0,689.7568,601.6266666666667,0.0,0.0,2,2,2,1,1895.9793009622756,2795.9793009622754,1076.3829333409703,1726.3829333409703,0.8696294836029859,0.8508722027888117,2384.4140578006914,4829.566193752494,577.1109080367197,0.0,26521.508850573166,337253.57676011143,0.492,0,0,卸船阶段=CIQ与MSA联检；罐内泵0331-P-01B停运；罐内泵0331-P-01C停运；罐内泵0331-P-02A启动；罐内泵0331-P-02C启动
2026-05-06 15:15:00,2026-05-06,15:15,CIQ与MSA联检,601.6266666666667,601.6266666666667,0.0,6842.344023293415,6842.344023293415,0.0,0.0,689.7568,601.6266666666667,0.0,0.0,2,2,2,1,1895.9793009622756,2795.9793009622754,1076.3829333409703,1726.3829333409703,0.8696294836029859,0.8508722027888117,2384.4140578006914,4829.566193752494,577.1109080367197,0.0,27098.619758609886,337253.57676011143,0.492,0,0,罐内泵0331-P-02A停运；罐内泵0331-P-02C停运；罐内泵0331-P-03A启动；罐内泵0331-P-03D启动
2026-05-06 15:30:00,2026-05-06,15:30,CIQ与MSA联检,601.6266666666667,601.6266666666667,0.0,6827.135707428082,6827.135707428082,0.0,0.0,689.7568,601.6266666666667,0.0,0.0,2,2,2,1,1895.9793009622756,2795.9793009622754,1076.3829333409703,1726.3829333409703,0.8696294836029859,0.8508722027888117,2384.4140578006914,4829.566193752494,577.1109080367197,0.0,27675.730666646607,337253.57676011143,0.492,0,0,罐内泵0331-P-03A停运；罐内泵0331-P-03D停运；罐内泵0331-P-06C启动；罐内泵0331-P-06D启动
2026-05-06 15:45:00,2026-05-06,15:45,CIQ与MSA联检,601.6266666666667,601.6266666666667,0.0,6810.667582985872,6810.667582985872,0.0,0.0,689.7568,601.6266666666667,0.0,0.0,2,2,2,1,1895.9793009622756,2795.9793009622754,1076.3829333409703,1726.3829333409703,0.8696294836029859,0.8508722027888117,2384.4140578006914,4829.566193752494,577.1109080367197,0.0,28252.841574683327,337253.57676011143,0.492,0,0,罐内泵0331-P-05A启动；罐内泵0331-P-05C启动；罐内泵0331-P-06C停运；罐内泵0331-P-06D停运
2026-05-06 16:00:00,2026-05-06,16:00,安全检查及卸前,662.8266666666667,662.8266666666667,0.0,6823.687570181481,6823.687570181481,0.0,0.0,755.8528000000001,662.8266666666667,0.0,0.0,2,2,2,1,2015.7519464470756,2915.7519464470756,1144.3203734999065,1794.3203734999065,0.8696405474200098,0.8516568195654017,2384.4140578006914,4829.566193752494,606.5749788259806,0.0,28859.41655350931,337253.57676011143,0.492,0,0,卸船阶段=安全检查及卸前；罐内泵0331-P-01A启动；罐内泵0331-P-01D启动；罐内泵0331-P-05A停运；罐内泵0331-P-05C停运
2026-05-06 16:15:00,2026-05-06,16:15,安全检查及卸前,662.8266666666667,662.8266666666667,0.0,6804.7058792634325,6804.7058792634325,0.0,0.0,755.8528000000001,662.8266666666667,0.0,0.0,2,2,2,1,2015.7519464470756,2915.7519464470756,1144.3203734999065,1794.3203734999065,0.8696405474200098,0.8516568195654017,2384.4140578006914,4829.566193752494,606.5749788259806,0.0,29465.99153233529,337253.57676011143,0.492,0,0,罐内泵0331-P-01A停运；罐内泵0331-P-01D停运；罐内泵0331-P-02B启动；罐内泵0331-P-02D启动
2026-05-06 16:30:00,2026-05-06,16:30,安全检查及卸前,662.8266666666667,662.8266666666667,0.0,6784.672875063606,6784.672875063606,0.0,0.0,755.8528000000001,662.8266666666667,0.0,0.0,2,2,2,1,2015.7519464470756,2915.7519464470756,1144.3203734999065,1794.3203734999065,0.8696405474200098,0.8516568195654017,2384.4140578006914,4829.566193752494,606.5749788259806,0.0,30072.566511161273,337253.57676011143,0.492,0,0,罐内泵0331-P-02B停运；罐内泵0331-P-02D停运；罐内泵0331-P-03B启动；罐内泵0331-P-03C启动
2026-05-06 16:45:00,2026-05-06,16:45,安全检查及卸前,662.8266666666667,662.8266666666667,0.0,6763.6681418128355,6763.6681418128355,0.0,0.0,755.8528000000001,662.8266666666667,0.0,0.0,2,2,2,1,2015.7519464470756,2915.7519464470756,1144.3203734999065,1794.3203734999065,0.8696405474200098,0.8516568195654017,2384.4140578006914,4829.566193752494,606.5749788259806,0.0,30679.141489987254,337253.57676011143,0.492,0,0,罐内泵0331-P-03B停运；罐内泵0331-P-03C停运；罐内泵0331-P-04B启动；罐内泵0331-P-04C启动
2026-05-06 17:00:00,2026-05-06,17:00,吹扫置换,1121.7066666666667,1121.7066666666667,0.0,7132.231727610843,7132.231727610843,0.0,0.0,1251.4432000000002,1121.7066666666667,0.0,0.0,3,3,3,1,2357.496801029183,5100.290349196073,1339.8635955446562,3035.345677448988,0.869396870308599,0.8593329763975629,2384.4140578006914,5100.290349196073,917.3078194777065,12656.354266987344,31596.449309464962,349909.9310270988,0.492,0,0,卸船阶段=吹扫置换；ORV#4启动；罐内泵0331-P-04D启动；高压外输泵0330-P-01G启动
2026-05-06 17:15:00,2026-05-06,17:15,吹扫置换,1121.7066666666667,1121.7066666666667,0.0,7107.549022365713,7107.549022365713,0.0,0.0,1251.4432000000002,1121.7066666666667,0.0,0.0,3,3,3,1,2357.496801029183,5100.290349196073,1339.8635955446562,3035.345677448988,0.869396870308599,0.8593329763975629,2384.4140578006914,5100.290349196073,917.3078194777065,0.0,32513.75712894267,349909.9310270988,0.492,0,0,罐内泵0331-P-04B停运；罐内泵0331-P-04C停运；罐内泵0331-P-04D停运；罐内泵0331-P-06A启动；罐内泵0331-P-06B启动；罐内泵0331-P-06D启动
2026-05-06 17:30:00,2026-05-06,17:30,初始计量,1121.7066666666667,1121.7066666666667,0.0,7082.136467841615,7082.136467841615,0.0,0.0,1251.4432000000002,1121.7066666666667,0.0,0.0,3,3,3,1,2357.496801029183,5100.290349196073,1339.8635955446562,3035.345677448988,0.869396870308599,0.8593329763975629,2384.4140578006914,5100.290349196073,917.3078194777065,0.0,33431.064948420375,349909.9310270988,0.492,0,0,卸船阶段=初始计量；罐内泵0331-P-05A启动；罐内泵0331-P-05C启动；罐内泵0331-P-05D启动；罐内泵0331-P-06A停运；罐内泵0331-P-06B停运；罐内泵0331-P-06D停运
2026-05-06 17:45:00,2026-05-06,17:45,热态ESD测试,1121.7066666666667,1121.7066666666667,0.0,7056.091618679554,7056.091618679554,0.0,0.0,1251.4432000000002,1121.7066666666667,0.0,0.0,3,3,3,1,2357.496801029183,5100.290349196073,1339.8635955446562,3035.345677448988,0.869396870308599,0.8593329763975629,2384.4140578006914,5100.290349196073,917.3078194777065,0.0,34348.37276789808,349909.9310270988,0.492,0,0,卸船阶段=热态ESD测试；罐内泵0331-P-01A启动；罐内泵0331-P-01B启动；罐内泵0331-P-01C启动；罐内泵0331-P-05A停运；罐内泵0331-P-05C停运；罐内泵0331-P-05D停运
2026-05-06 18:00:00,2026-05-06,18:00,卸料臂预冷,1280.1866666666665,1280.1866666666665,2000.0,13779.381821671946,13779.381821671946,0.0,875.0,1450.3024916255795,1280.1866666666665,0.0,0.0,4,3,4,1,3265.5572702902173,5171.671810870652,1992.5763052351926,3018.719699115717,0.8536354579988058,0.863639963394734,3265.5572702902173,5171.671810870652,1037.7791769827868,44530.52851717188,35386.15194488087,394440.45954427065,0.492,0,0,卸船阶段=卸料臂预冷；BOG压缩机0330-C-01B启动；ORV#5启动；海水泵P-01A启动；海水泵P-01C停运；罐内泵0331-P-01A停运；罐内泵0331-P-01B停运；罐内泵0331-P-01C停运；罐内泵0331-P-02A启动；罐内泵0331-P-02B启动；罐内泵0331-P-02C启动；罐内泵0331-P-03D启动
2026-05-06 18:15:00,2026-05-06,18:15,卸料臂预冷,1280.1866666666665,1280.1866666666665,2000.0,13735.487454479044,13735.487454479044,0.0,875.0,1449.7605858577658,1280.1866666666665,0.0,0.0,4,3,4,1,3706.0772866952757,4731.077286695276,2323.1264965235673,2688.1264965235678,0.8472959499724526,0.8694554205815508,3706.0772866952757,5171.671810870652,1037.7700125270378,20594.31076693648,36423.9219574079,415034.7703112071,0.492,0,0,BOG压缩机0330-C-01A启动；BOG压缩机0330-C-01B停运；罐内泵0331-P-02D启动；罐内泵0331-P-03D停运
2026-05-06 18:30:00,2026-05-06,18:30,卸料臂预冷,1280.1866666666665,1280.1866666666665,2000.0,13690.927673523542,13690.927673523533,9.094947017729282e-12,875.0,1449.2104651052286,1280.1866666666665,0.0,0.0,4,3,4,1,3871.5591457734754,4565.519715257825,2418.6546606278007,2592.554625739221,0.8481036138000675,0.8695784810432537,3871.5591457734754,5171.671810870652,1037.7606999068498,7736.276911905836,37461.682657314755,422771.04722311295,0.492,0,0,BOG压缩机0330-C-01A调整至0.25；罐内泵0331-P-02A停运；罐内泵0331-P-02B停运；罐内泵0331-P-02C停运；罐内泵0331-P-02D停运；罐内泵0331-P-04A启动；罐内泵0331-P-04B启动；罐内泵0331-P-04C启动；罐内泵0331-P-04D启动
2026-05-06 18:45:00,2026-05-06,18:45,卸料臂预冷,1280.1866666666665,1280.1866666666665,2000.0,13645.899950161911,13645.899950161904,7.275957614183426e-12,875.0,1448.6545672859493,1280.1866666666665,0.0,0.0,4,3,4,1,3137.00227672817,5300.0,1864.160468042556,3147.004608294931,0.8596663703658973,0.8598455130740247,3871.5591457734754,5300.0,1037.7512800375648,5999.342841797027,38499.43393735232,428770.39006491,0.492,0,0,BOG压缩机0330-C-01A调整至0.25；海水泵P-01A停运；海水泵P-01D启动；罐内泵0331-P-03A启动；罐内泵0331-P-03C启动；罐内泵0331-P-04A停运；罐内泵0331-P-04B停运；罐内泵0331-P-04C停运；罐内泵0331-P-04D停运；罐内泵0331-P-05A启动；罐内泵0331-P-05D启动
2026-05-06 19:00:00,2026-05-06,19:00,卸料臂预冷,1223.68,1223.68,2000.0,13556.219039199093,13556.219039199084,9.094947017729282e-12,875.0,1391.040728879001,1223.68,0.0,0.0,3,3,4,1,3081.133351853362,5204.974552177779,1832.4054858181491,3093.0775671318906,0.8594892885483958,0.8596644379951285,3871.5591457734754,5300.0,1454.936971599068,0.0,39954.37090895139,428770.39006491,0.70235,0,0,BOG压缩机0330-C-01A调整至0.25；ORV#2停运；罐内泵0331-P-05A停运；罐内泵0331-P-05D停运；罐内泵0331-P-06A启动；罐内泵0331-P-06D启动
2026-05-06 19:15:00,2026-05-06,19:15,卸料臂预冷,1223.68,1223.68,2000.0,13511.02460160141,13511.02460160141,0.0,875.0,1390.4827728592768,1223.68,0.0,0.0,3,3,4,1,3081.0483698162247,5204.974552177779,1832.356428005802,3093.0775671318906,0.8594891068550229,0.8596644379951285,3871.5591457734754,5300.0,1454.9220498156221,0.0,41409.29295876701,428770.39006491,0.70235,0,0,BOG压缩机0330-C-01A调整至0.25；罐内泵0331-P-01A启动；罐内泵0331-P-01C启动；罐内泵0331-P-06A停运；罐内泵0331-P-06D停运
2026-05-06 19:30:00,2026-05-06,19:30,冷态ESD测试,1223.68,1223.68,0.0,7108.451395418389,7108.451395418389,0.0,0.0,1361.5744000000002,1223.68,0.0,0.0,3,3,4,1,2801.538870246969,5204.974552177779,1594.7532168908228,3093.0775671318906,0.8690605848923375,0.8596644379951285,3871.5591457734754,5300.0,1405.8436755600055,0.0,42815.13663432701,428770.39006491,0.70235,0,0,卸船阶段=冷态ESD测试；BOG压缩机0330-C-01A停运；罐内泵0331-P-03A停运；罐内泵0331-P-03C停运；罐内泵0331-P-06A启动；罐内泵0331-P-06D启动
2026-05-06 19:45:00,2026-05-06,19:45,冷态ESD测试,1223.68,1223.68,0.0,7080.075631291798,7080.075631291798,0.0,0.0,1361.5744000000002,1223.68,0.0,0.0,3,3,4,1,2801.538870246969,5204.974552177779,1594.7532168908228,3093.0775671318906,0.8690605848923375,0.8596644379951285,3871.5591457734754,5300.0,1405.8436755600055,0.0,44220.98030988702,428770.39006491,0.70235,0,0,罐内泵0331-P-01A停运；罐内泵0331-P-01C停运；罐内泵0331-P-05A启动；罐内泵0331-P-05D启动
2026-05-06 20:00:00,2026-05-06,20:00,卸料升速,1019.7333333333333,1019.7333333333333,6000.0,26377.25758631831,26377.257586318297,1.0913936421275139e-11,875.0,1345.378488719979,1019.7333333333333,0.0,0.0,3,3,4,1,2802.2907393125406,4661.713809382716,1674.2764534828934,2784.776526617118,0.8584507251827771,0.8584867234431838,3871.5591457734754,5300.0,1310.5858986940284,0.0,45531.56620858105,428770.39006491,0.70235,0,0,卸船阶段=卸料升速；BOG压缩机0330-C-01A启动；罐内泵0331-P-02A启动；罐内泵0331-P-02D启动；罐内泵0331-P-06A停运；罐内泵0331-P-06D停运
2026-05-06 20:15:00,2026-05-06,20:15,卸料升速,1019.7333333333333,1019.7333333333333,6000.0,26303.748996010247,26303.748996010247,0.0,875.0,1344.4709752593858,1019.7333333333333,0.0,0.0,3,3,4,1,2640.5708138528535,4823.285112436548,1580.9199510584376,2878.047233380012,0.8579831515707247,0.8587411671823099,3871.5591457734754,5300.0,1310.5598024573403,0.0,46842.12601103839,428770.39006491,0.70235,0,0,BOG压缩机0330-C-01A调整至0.25；罐内泵0331-P-02A停运；罐内泵0331-P-02D停运；罐内泵0331-P-04A启动；罐内泵0331-P-04B启动；罐内泵0331-P-04C启动；罐内泵0331-P-04D启动；罐内泵0331-P-05A停运；罐内泵0331-P-05D停运
2026-05-06 20:30:00,2026-05-06,20:30,卸料升速,1019.7333333333333,1019.7333333333333,6000.0,26231.93169097025,26231.93169097025,0.0,875.0,1343.5843418638303,1019.7333333333333,0.0,0.0,3,3,4,1,2801.9967151605656,4661.713809382716,1674.1067213587983,2784.776526617118,0.8584499242326278,0.8584867234431838,3871.5591457734754,5300.0,1310.5342717282435,0.0,48152.66028276663,428770.39006491,0.70235,0,0,BOG压缩机0330-C-01A调整至0.25；罐内泵0331-P-01A启动；罐内泵0331-P-01C启动；罐内泵0331-P-04A停运；罐内泵0331-P-04B停运；罐内泵0331-P-04C停运；罐内泵0331-P-04D停运；罐内泵0331-P-06A启动；罐内泵0331-P-06D启动
2026-05-06 20:45:00,2026-05-06,20:45,卸料升速,1019.7333333333333,1019.7333333333333,6000.0,26162.16806342033,26162.168063420326,3.637978807091713e-12,875.0,1342.723062511362,1019.7333333333333,0.0,0.0,3,3,4,1,2801.8552831220527,4661.713809382716,1674.0250765002027,2784.776526617118,0.8584495388980217,0.8584867234431838,3871.5591457734754,5300.0,1310.5094380301812,0.0,49463.16972079681,428770.39006491,0.70235,0,0,BOG压缩机0330-C-01A调整至0.25；罐内泵0331-P-01A停运；罐内泵0331-P-01C停运；罐内泵0331-P-02A启动；罐内泵0331-P-02D启动；罐内泵0331-P-05A启动；罐内泵0331-P-05D启动；罐内泵0331-P-06A停运；罐内泵0331-P-06D停运
2026-05-06 21:00:00,2026-05-06,21:00,卸料全速,815.7866666666666,815.7866666666666,12000.0,46758.84976742753,46758.84976742753,0.0,875.0,1393.0564168818214,815.7866666666666,0.0,0.0,2,2,4,1,2754.463494020868,3379.463494020868,1643.8278860693913,2061.758587220329,0.8587077604873565,0.8536715060938137,3871.5591457734754,5300.0,1077.0409050127785,0.0,50540.21062580959,428770.39006491,0.70235,0,0,卸船阶段=卸料全速；BOG压缩机0330-C-01A调整至0.25；ORV#3停运；罐内泵0331-P-02A停运；罐内泵0331-P-02D停运；罐内泵0331-P-03A启动；罐内泵0331-P-03B启动；罐内泵0331-P-03C启动；罐内泵0331-P-03D启动；罐内泵0331-P-05A停运；罐内泵0331-P-05D停运；高压外输泵0330-P-01D停运
2026-05-06 21:15:00,2026-05-06,21:15,卸料全速,815.7866666666666,815.7866666666666,12000.0,46657.908521589496,46657.90852158948,1.4551915228366852e-11,875.0,1391.8102286615986,815.7866666666666,0.0,0.0,2,2,4,1,2754.3688512163476,3379.3688512163476,1643.7732513595092,2061.7039525104474,0.8587075071072884,0.8536711573188432,3871.5591457734754,5300.0,1077.007668825901,0.0,51617.21829463549,428770.39006491,0.70235,0,0,BOG压缩机0330-C-01A调整至0.25；罐内泵0331-P-01A启动；罐内泵0331-P-01B启动；罐内泵0331-P-01C启动；罐内泵0331-P-01D启动；罐内泵0331-P-03A停运；罐内泵0331-P-03B停运；罐内泵0331-P-03C停运；罐内泵0331-P-03D停运
2026-05-06 21:30:00,2026-05-06,21:30,卸料全速,815.7866666666666,815.7866666666666,12000.0,46562.20472945215,46562.20472945214,7.275957614183426e-12,875.0,1390.6287003636066,815.7866666666666,0.0,0.0,2,2,4,1,2754.2789397876045,3379.2789397876045,1643.721347943826,2061.652049094764,0.858707266377992,0.853670825961618,3871.5591457734754,5300.0,1076.976094179912,0.0,52694.1943888154,428770.39006491,0.70235,0,0,BOG压缩机0330-C-01A调整至0.25；罐内泵0331-P-01A停运；罐内泵0331-P-01B停运；罐内泵0331-P-01C停运；罐内泵0331-P-01D停运；罐内泵0331-P-02A启动；罐内泵0331-P-02B启动；罐内泵0331-P-02C启动；罐内泵0331-P-02D启动
2026-05-06 21:45:00,2026-05-06,21:45,卸料全速,815.7866666666666,815.7866666666666,12000.0,46472.287472749966,46472.28747274996,7.275957614183426e-12,875.0,1389.5186107746908,815.7866666666666,0.0,0.0,2,2,4,1,2754.194305676985,3379.194305676985,1643.6724909799682,2061.603192130906,0.8587070397638024,0.8536705140370913,3871.5591457734754,5300.0,1076.9463727961154,0.0,53771.14076161151,428770.39006491,0.70235,0,0,BOG压缩机0330-C-01A调整至0.25；罐内泵0331-P-02A停运；罐内泵0331-P-02B停运；罐内泵0331-P-02C停运；罐内泵0331-P-02D停运；罐内泵0331-P-03A启动；罐内泵0331-P-03B启动；罐内泵0331-P-03C启动；罐内泵0331-P-03D启动
2026-05-06 22:00:00,2026-05-06,22:00,卸料全速,509.8666666666667,509.8666666666667,12000.0,45573.78134749801,45573.781347498,7.275957614183426e-12,875.0,1072.5059425617037,509.8666666666667,0.0,0.0,2,2,3,1,1897.0096567616602,2907.162499491941,1078.7096517579746,1870.6818488683275,0.8692865970824487,0.8409426485243958,3871.5591457734754,5300.0,843.5525784861793,0.0,54614.69334009769,428770.39006491,0.70235,0,0,BOG压缩机0330-C-01A停运；BOG压缩机0330-C-01B启动；罐内泵0331-P-03A停运；罐内泵0331-P-03B停运；罐内泵0331-P-03C停运；罐内泵0331-P-03D停运；罐内泵0331-P-06A启动；罐内泵0331-P-06C启动；罐内泵0331-P-06D启动
2026-05-06 22:15:00,2026-05-06,22:15,卸料全速,509.8666666666667,509.8666666666667,12000.0,45498.11217947295,45498.11217947295,0.0,875.0,1071.5717553021352,509.8666666666667,0.0,0.0,2,2,3,1,1896.920813238345,2907.1180777302834,1078.65836481497,1870.6562053968253,0.8692867481619276,0.8409422614222667,3871.5591457734754,5300.0,843.529178767954,0.0,55458.222518865645,428770.39006491,0.70235,0,0,BOG压缩机0330-C-01B调整至0.25；罐内泵0331-P-04A启动；罐内泵0331-P-04B启动；罐内泵0331-P-04D启动；罐内泵0331-P-06A停运；罐内泵0331-P-06C停运；罐内泵0331-P-06D停运
2026-05-06 22:30:00,2026-05-06,22:30,卸料全速,509.8666666666667,509.8666666666667,12000.0,45429.6806581029,45429.680658102894,7.275957614183426e-12,875.0,1070.726921704974,509.8666666666667,0.0,0.0,2,2,3,1,1896.840300472346,2907.077821347284,1078.6118869909612,1870.6329664848208,0.8692868850870529,0.840941910607987,3871.5591457734754,5300.0,843.5079732150043,0.0,56301.73049208065,428770.39006491,0.70235,0,0,BOG压缩机0330-C-01B调整至0.25
2026-05-06 22:45:00,2026-05-06,22:45,卸料全速,509.8666666666667,509.8666666666667,12000.0,45368.92275114859,45368.92275114857,1.4551915228366852e-11,875.0,1069.976824088254,509.8666666666667,0.0,0.0,2,2,3,1,1896.768683130975,2907.0420126765985,1078.5705442529882,1870.6122951158345,0.8692870068938028,0.8409415985450832,3871.5591457734754,5300.0,843.4891105501123,0.0,57145.219602630765,428770.39006491,0.70235,0,0,BOG压缩机0330-C-01B调整至0.25；罐内泵0331-P-01A启动；罐内泵0331-P-01C启动；罐内泵0331-P-01D启动；罐内泵0331-P-04A停运；罐内泵0331-P-04B停运；罐内泵0331-P-04D停运
2026-05-06 23:00:00,2026-05-06,23:00,卸料全速,356.9066666666667,356.9066666666667,12000.0,44986.695038038226,44986.69503803821,1.4551915228366852e-11,875.0,912.2979634325707,356.9066666666667,0.0,0.0,1,1,3,1,586.6229240238329,3002.8428661008056,414.89141523193985,1846.2135508482932,0.8164399126246186,0.8518722104015427,3871.5591457734754,5300.0,252.7432599471511,0.0,57397.962862577915,428770.39006491,0.28165,0,0,BOG压缩机0330-C-01A启动；BOG压缩机0330-C-01B停运；ORV#4停运；罐内泵0331-P-01A停运；罐内泵0331-P-01C停运；罐内泵0331-P-01D停运；罐内泵0331-P-05A启动；罐内泵0331-P-05B启动；罐内泵0331-P-05D启动；高压外输泵0330-P-01A停运
2026-05-06 23:15:00,2026-05-06,23:15,卸料全速,356.9066666666667,356.9066666666667,12000.0,44942.773519936396,44942.77351993638,1.4551915228366852e-11,875.0,911.7557224683505,356.9066666666667,0.0,0.0,1,1,3,1,586.5520744390298,3002.807441308404,414.85051569889447,1846.1931010817705,0.8164338695264155,0.8518720420361257,3871.5591457734754,5300.0,252.7357769025662,0.0,57650.698639480484,428770.39006491,0.28165,0,0,BOG压缩机0330-C-01A调整至0.25；罐内泵0331-P-02A启动；罐内泵0331-P-02C启动；罐内泵0331-P-02D启动；罐内泵0331-P-05A停运；罐内泵0331-P-05B停运；罐内泵0331-P-05D停运
2026-05-06 23:30:00,2026-05-06,23:30,卸料全速,356.9066666666667,356.9066666666667,12000.0,44907.63084293345,44907.630842933446,7.275957614183426e-12,875.0,911.3218622584377,356.9066666666667,0.0,0.0,1,1,3,1,586.495338905014,3002.779073541396,414.81776382243993,1846.176725143543,0.8164290292300707,0.851871907208153,3871.5591457734754,5300.0,252.72978456638285,0.0,57903.42842404687,428770.39006491,0.28165,0,0,BOG压缩机0330-C-01A调整至0.25；罐内泵0331-P-02A停运；罐内泵0331-P-02C停运；罐内泵0331-P-02D停运；罐内泵0331-P-05A启动；罐内泵0331-P-05C启动；罐内泵0331-P-05D启动
2026-05-06 23:45:00,2026-05-06,23:45,卸料全速,356.9066666666667,356.9066666666667,12000.0,44881.56269942443,44881.56269942442,7.275957614183426e-12,875.0,911.0000333262276,356.9066666666667,0.0,0.0,1,1,3,1,586.4532265842549,3002.7580173810165,414.7934535281836,1846.164569996415,0.8164254358829431,0.8518718071295535,3871.5591457734754,5300.0,252.72533671570469,0.0,58156.15376076257,428770.39006491,0.28165,0,0,BOG压缩机0330-C-01A调整至0.25；罐内泵0331-P-05A停运；罐内泵0331-P-05C停运；罐内泵0331-P-05D停运；罐内泵0331-P-06A启动；罐内泵0331-P-06B启动；罐内泵0331-P-06D启动
